{"cameraMode":{"drawMode":0,"name":"Shaded","section":"Shading Mode"},"sceneLighting":false,"audioPlay":false,"sceneViewState":{"showFog":true,"showMaterialUpdate":false,"showSkybox":true,"showFlares":true,"showImageEffects":true,"showParticleSystems":true},"in2DMode":false,"pivot":{"x":-10.65371322631836,"y":-19.10845375061035,"z":-93.72682189941406},"rotation":{"x":0.005948645528405905,"y":-0.9859210252761841,"z":0.16325877606868745,"w":0.036088068038225177},"size":45.95773696899414,"orthographic":false}