{"cameraMode":{"drawMode":0,"name":"Shaded","section":"Shading Mode"},"sceneLighting":false,"audioPlay":false,"sceneViewState":{"showFog":true,"showMaterialUpdate":false,"showSkybox":false,"showFlares":true,"showImageEffects":true,"showParticleSystems":true},"in2DMode":false,"pivot":{"x":3.0192627906799318,"y":1.7670211791992188,"z":0.24946320056915284},"rotation":{"x":0.09391480684280396,"y":-0.45155805349349978,"z":0.04785957559943199,"w":0.886001706123352},"size":1.6078135967254639,"orthographic":false}